Method,Accuracy,Mutual Information,Dunn Index,Adjusted Rand Index
PCA Full,0.5419847328244275,1.1737670454562497,7.688406776912602e-05,0.42112244615033434
PCA Randomized,0.714087439278279,1.1501689086716747,7.858875075110957e-05,0.6546527744260117
GRP,0.7099236641221374,1.2150286112413338,8.867037444783893e-06,0.6708806259603635
SRP,0.7133934767522554,1.196161998179733,2.371335261702442e-05,0.6683702363214555
